hostname|alias|cn_name|valid_from|valid_until|expirydays
localhost|mq-ssl-2026|CN=localhost1.example.com,O=Acme,C=US|Mon Jan 12 09:38:43 EST 2026|Tue Jan 12 09:38:43 EST 2027|218
localhost|ace-admin-tls|CN=localhost2.example.com,OU=Integration,O=Acme,C=US|Thu Feb 15 08:00:00 EST 2024|Sat Feb 15 08:00:00 EST 2025|-478
localhost|mqweb-https|CN=loqmq02.example.com,O=Acme,C=US|Wed Jun 25 12:00:00 EDT 2025|Thu Jun 25 12:00:00 EDT 2026|17
localhost|ace-callable-flow|CN=loqace02.example.com,O=Acme,C=US|Fri Sep 01 00:00:00 EDT 2023|Sun Sep 01 00:00:00 EDT 2024|-645
localhost|mq-cluster-ssl|CN=lotmq03.example.com,O=Acme,C=US|Tue Apr 01 10:15:30 EDT 2025|Wed Apr 01 1０:15:3０ EDT 2０２６|-68
localhost|ace-https-listener|CN=lotace₀₃.example.com,OU=ESB,O=Acme,C=US|Mon Nov 18 16:45:₀₀ EST ２０２４|Thu Nov 18 16:45:₀₀ EST ２０２７|5２８
localhost|amqp-channel-cert|CN=lodmq04.example.com,O=Acme,C=US|Sat Dec 14 09:00:00 EST 2024|Mon Dec 14 09:00:00 EST 2026|189
localhost|ace-rest-api-tls|CN=loqace04.example.com,O=Acme,C=US|Thu May 22 11:30:00 EDT 2025|Fri May 22 11:30:00 EDT 2026|-17
localhost|mq-internal-ca|CN=Acme Internal CA,O=Acme,C=US|Wed Jan 01 00:00:00 EST 2025|Sun Jan 01 00:00:00 EST 2034|2764
localhost|ace-toolkit-tls|CN=lodace05.example.com,O=Acme,C=US|Fri Jul 04 00:00:00 EDT 2025|Sat Jul 04 00:00:00 EDT 2026|26
